DEG;Gene;Overlap sperm ATAC;GRE in gene;gene body motifs connected to GR
DEA;1;1;1;1
DEA;2;1;1;1
DEA;3;1;1;1
DEA;4;1;1;1
DEA;5;1;1;1
DEA;6;1;1;1
DEA;7;1;1;1
DEA;8;1;1;1
DEA;9;1;1;1
DEA;10;1;1;1
DEA;11;1;1;1
DEA;12;1;1;1
DEA;13;1;1;1
DEA;14;1;1;1
DEA;15;1;1;1
DEA;16;1;1;1
DEA;17;0;1;1
DEA;18;1;1;1
DEA;19;1;1;1
DEA;20;1;1;1
DEA;21;1;1;1
DEA;22;1;1;1
DEA;23;1;1;1
DEA;24;1;1;1
DEA;25;0;1;1
DEA;26;1;1;1
DEA;27;1;1;1
DEA;28;1;1;1
DEA;29;1;1;1
DEA;30;1;1;1
DEA;31;1;1;1
DEA;32;1;1;1
DEA;33;1;1;1
DEA;34;0;1;1
DEA;35;1;1;1
DEA;36;1;1;1
DEA;37;1;1;1
DEA;38;1;1;1
DEA;39;0;1;1
DEA;40;1;1;1
DEA;41;1;1;1
DEA;42;1;1;1
DEA;43;1;1;1
DEA;44;1;1;1
DEA;45;0;1;1
DEA;46;1;1;1
DEA;47;0;1;1
DEA;48;1;1;1
DEA;49;2;1;1
DEA;50;1;1;1
DEA;51;1;1;1
DEA;52;0;1;1
DEA;53;0;1;1
DEA;54;1;1;1
DEA;55;1;1;1
DEA;56;1;1;1
DEA;57;1;1;1
DEA;58;1;1;1
DEA;59;1;1;1
DEA;60;0;1;1
DEA;61;0;1;1
DEA;62;1;1;1
DEA;63;1;1;1
DEA;64;1;1;1
DEA;65;1;1;1
DEA;66;1;1;1
DEA;67;1;1;1
DEA;68;0;1;1
DEA;69;1;1;1
DEA;70;1;1;1
DEA;71;1;1;1
DEA;72;1;1;1
DEA;73;1;1;1
DEA;74;1;1;1
DEA;75;1;1;1
DEA;76;1;1;1
DEA;77;0;1;1
DEA;78;1;1;1
DEA;79;1;1;1
DEA;80;1;1;1
DEA;81;0;1;1
DEA;82;1;1;1
DEA;83;1;1;1
DEA;84;1;1;1
DEA;85;1;1;1
DEA;86;1;1;1
DEA;87;0;1;1
DEA;88;1;1;1
DEA;89;0;1;1
DEA;90;1;1;1
DEA;91;1;1;1
DEA;92;1;1;1
DEA;93;1;1;1
DEA;94;1;1;1
DEA;95;1;1;1
DEA;96;1;1;1
DEA;97;1;1;1
DEA;98;1;1;1
DEA;99;1;1;1
DEA;100;1;1;1
DEA;101;1;1;1
DEA;102;1;1;1
DEA;103;1;1;1
DEA;104;1;1;1
DEA;105;1;1;1
DEA;106;1;1;1
DEA;107;1;1;1
DEA;108;1;1;1
DEA;109;1;1;1
DEA;110;1;1;1
DEA;111;0;1;1
DEA;112;1;1;1
DEA;113;1;1;1
DEA;114;1;1;1
DEA;115;0;1;1
DEA;116;1;1;1
DEA;117;1;1;1
DEA;118;1;1;1
DEA;119;1;1;1
DEA;120;0;0;0
DEA;121;1;1;1
DEA;122;1;1;1
DEA;123;1;1;1
DEA;124;1;1;1
DEA;125;1;1;1
DEA;126;1;1;1
DEA;127;1;1;1
DEA;128;0;1;1
DEA;129;1;1;1
DEA;130;1;1;1
DEA;131;1;1;1
DEA;132;1;1;1
DEA;133;0;1;1
DEA;134;1;1;1
DEA;135;1;1;1
DEA;136;1;1;1
DEA;137;1;1;1
DEA;138;1;1;1
DEA;139;1;1;1
DEA;140;1;1;1
DEA;141;1;1;1
DEA;142;1;1;1
DEA;143;1;1;1
DEA;144;1;1;1
DEA;145;0;1;0
DEA;146;1;1;0
DEA;147;1;1;0
DEA;148;0;1;1
DEA;149;0;1;0
DEA;150;1;1;1
DEA;151;0;1;1
DEA;152;1;1;1
DEA;153;0;1;1
DEA;154;0;1;1
DEA;155;0;1;1
DEA;156;1;1;1
DEA;157;0;1;1
DEA;158;1;1;1
DEA;159;1;1;1
DEA;160;0;1;1
DEA;161;0;1;1
DEA;162;0;1;0
DEA;163;0;1;0
DEA;164;0;1;1
DEA;165;1;1;1
DEA;166;0;1;1
DEA;167;1;1;1
DEA;168;1;1;1
DEA;169;0;1;0
DEA;170;0;1;0
DEA;171;1;1;1
DEA;172;0;1;0
DEA;173;0;1;1
DEA;174;0;1;0
DEA;175;0;1;0
DEA;176;1;1;1
DEA;177;0;1;1
DEA;178;1;1;1
DEA;179;1;1;1
DEA;180;0;1;1
DEA;181;0;1;1
DEA;182;1;1;1
DEA;183;1;1;1
DEA;184;0;1;1
DEA;185;0;1;0
